¿Cuál es la regla primordial que hace funcionar la Arquitectura Limpia (Clean Architecture)?,"La Regla de Dependencia: las dependencias del código fuente solo deben apuntar hacia adentro, hacia políticas de más alto nivel."
"En la Arquitectura Lambda, ¿cuál es la función de la capa de lote (batch layer)?","Calcular vistas (batch views) a partir de todo el conjunto de datos maestro, ofreciendo una visión completa y precisa de los datos."
"Según los principios SOLID, ¿qué establece el Principio de Responsabilidad Única (SRP)?","Un módulo de software debe tener una, y solo una, razón para cambiar, lo que significa que debe ser responsable ante un único actor."
La Arquitectura Hexagonal también se conoce como el patrón de _____ y _____.,Puertos y Adaptadores (Ports and Adapters)
"¿Qué es la ""inmutabilidad"" en el contexto de un modelo de datos para Big Data?","Es la propiedad por la cual, una vez que se escribe una unidad de datos, nunca puede ser modificada; las actualizaciones se logran agregando nuevos datos con marca de tiempo."
¿Qué establece el Principio de Inversión de Dependencias (DIP)?,"El código que implementa políticas de alto nivel no debe depender del código que implementa detalles de bajo nivel; en su lugar, los detalles deben depender de las políticas."
"En la Arquitectura Lambda, ¿cuál es el propósito de la capa de servicio (serving layer)?",Indexar y exponer las vistas de lote (batch views) para que puedan ser consultadas con baja latencia.
"Un síntoma de la violación del Principio de Responsabilidad Única (SRP) es cuando dos actores diferentes dependen del mismo código, lo que puede llevar a _____ durante el desarrollo.",conflictos de fusión (merges)
"En una Arquitectura Hexagonal, ¿qué representa un 'puerto'?",Un 'puerto' es una interfaz que define cómo la lógica de dominio puede ser accedida o cómo puede interactuar con sistemas externos.
¿Por qué la tolerancia a fallos humanos es la ventaja más importante del modelo de datos inmutable?,"Porque si se escriben datos incorrectos, los datos buenos anteriores aún existen, lo que permite la recuperación simplemente eliminando los datos incorrectos y recalculando las vistas."
"¿Qué significa que una arquitectura ""grite"" su intención (Screaming Architecture)?",Significa que la estructura de paquetes y nombres de clases del sistema comunica claramente su propósito y los casos de uso que implementa.
El paradigma de computación distribuida que se puede utilizar para implementar una capa de lote y que es inherentemente escalable se conoce como _____.,MapReduce
"Según el Principio Abierto/Cerrado (OCP), ¿cómo deben diseñarse los sistemas de software para que sean fáciles de cambiar?","Deben permitir que su comportamiento se cambie agregando nuevo código, en lugar de modificar el código existente."
"En la Arquitectura Limpia, ¿qué tipo de reglas de negocio se encuentran en la capa de Casos de Uso (Use Cases)?",Contiene reglas de negocio específicas de la aplicación que orquestan el flujo de datos hacia y desde las entidades.
"¿Qué es la ""desnormalización"" en el contexto de las bases de datos de la capa de servicio?",Es la técnica de almacenar información de forma redundante para evitar uniones (joins) en tiempo de consulta y así mejorar la latencia.
¿Qué problema resuelve el Principio de Segregación de Interfaces (ISP)?,"Evita que los clientes dependan de métodos que no utilizan, aconsejando la creación de interfaces más pequeñas y específicas."
¿Cuál es la principal diferencia entre los datos y la información en el contexto de los sistemas de Big Data?,"Los 'datos' son la información que no se puede derivar de nada más (los axiomas), mientras que la 'información' es la colección general de conocimiento."
"En la Arquitectura Limpia, los _____ son los objetos que encapsulan las reglas de negocio críticas para toda la empresa.",Entidades (Entities)
¿Cuál es la función del procesamiento de flujos (stream processing) de 'un solo elemento a la vez' (one-at-a-time)?,"Procesar los datos evento por evento a medida que llegan, lo que es ideal para baja latencia pero puede ser ineficiente."
El Principio de Sustitución de Liskov (LSP) establece que los objetos de una superclase deben poder ser reemplazados por objetos de una _____ sin alterar la corrección del programa.,subclase
"En una Arquitectura Hexagonal, ¿qué representa un 'adaptador'?","Un 'adaptador' es una implementación concreta de un puerto que interactúa con un sistema externo, como una base de datos o una interfaz de usuario web."
¿Qué es el procesamiento de flujos por 'micro-lotes' (micro-batch stream processing)?,"Es un enfoque que procesa tuplas como lotes discretos, combinando la eficiencia del procesamiento por lotes con la baja latencia del procesamiento de flujos."
"En la Arquitectura Limpia, ¿dónde se ubican los frameworks y los drivers (por ejemplo, la base de datos, la UI web)?","Se ubican en el círculo más externo, ya que son detalles de bajo nivel de los que las políticas de alto nivel no deben depender."
"Al diseñar una capa de servicio, ¿por qué un índice de tipo 'clave a mapa ordenado' (key to a sorted map) es ideal para consultas de rangos de tiempo?","Porque todos los valores para un rango se almacenan secuencialmente en el disco, lo que hace que sea extremadamente barato leerlos todos a la vez."
Una arquitectura de software debe ser agnóstica a la _____ de los cambios para evitar que el costo de desarrollo crezca desproporcionadamente.,forma (shape)
"Para hacer cumplir los límites de la arquitectura en Java, se puede usar el modificador de visibilidad _____ para limitar el acceso a clases dentro del mismo paquete.",package-private
"¿Qué es una ""arquitectura de plugin""?",Es un patrón donde las reglas de negocio principales se mantienen separadas e independientes de componentes que son opcionales o que pueden tener múltiples implementaciones.
"En la implementación de la capa de persistencia, ¿qué ventaja ofrece el uso de interfaces de puerto estrechas (narrow port interfaces)?","Proporciona la flexibilidad de implementar un puerto de una manera y otro de otra, posiblemente con diferentes tecnologías de persistencia."
El paradigma de programación que impone disciplina en la transferencia indirecta de control se llama _____.,Programación Orientada a Objetos (Object-Oriented Programming)
"En el contexto de los sistemas distribuidos, ¿qué es la ""consistencia eventual"" (eventual consistency)?","Es la propiedad de un sistema altamente disponible donde, una vez que termina una partición de red, el sistema eventualmente vuelve a un estado consistente."
"Según Robert C. Martin, ¿cuál es el único modo de ir rápido en el desarrollo de software?","Ir bien, lo que implica mantener el código y la arquitectura limpios y bien estructurados."
"¿Qué es la ""normalización de URL"" en el contexto de un flujo de trabajo de la capa de lote?",Es el proceso de convertir todas las URLs de los datos maestros a su forma canónica para asegurar la consistencia en los cálculos.
El patrón _____ sirve para desacoplar comportamientos complejos o difíciles de probar en una parte que es fácilmente comprobable y otra que no lo es.,Humble Object
"En el paradigma MapReduce, ¿qué hace la función `map`?",Examina un registro a la vez y emite un par clave-valor intermedio.
¿Cuál es la principal ventaja de desacoplar la lógica de dominio de la interfaz de usuario y la persistencia?,"Permite que la lógica de dominio evolucione independientemente, haciendo el software más mantenible y adaptable a los cambios."
"En el paradigma MapReduce, ¿qué hace la función `reduce`?",Recibe una clave y todos los valores asociados a esa clave y los procesa para producir el resultado final.
"En la Arquitectura Limpia, el flujo de control y la dependencia del código fuente no siempre apuntan en la misma dirección gracias al principio de _____.",Inversión de Dependencias (Dependency Inversion)
"¿Qué son los ""diagramas de tuberías"" (pipe diagrams) en el contexto de la computación por lotes?",Son una forma de alto nivel para especificar computaciones sobre grandes cantidades de datos que pueden ser compiladas a una serie de trabajos MapReduce.
¿Qué son las dependencias transitivas y por qué son una violación de un buen diseño?,Ocurren cuando una entidad depende de algo que no usa directamente; violan el principio de no depender de cosas que no son necesarias.
La capacidad de un lenguaje orientado a objetos que permite que el mismo código funcione con diferentes tipos de objetos se denomina _____.,polimorfismo
"En un sistema de Big Data, el conjunto de datos maestro debe ser una fuente de verdad _____ y _____, conteniendo únicamente datos brutos.",inmutable y de solo adición (append-only)
"El patrón de diseño _____ establece una interfaz utilizada por los clientes e implementada por clases de servicio, sentando las bases para un futuro límite arquitectónico.",Strategy
¿Cuál es el propósito del framework de serialización Thrift en un modelo de datos de Big Data?,"Permite definir y hacer cumplir un esquema riguroso para los datos, generando código para leer, escribir y validar objetos que coincidan con el esquema."
"Un monolito, en términos de modo de desacoplamiento, es una estructura donde todos los componentes se ejecutan en el mismo espacio de direcciones y se comunican mediante _____.",llamadas a funciones simples
El algoritmo _____ es un ejemplo de un algoritmo de aproximación para el conteo de elementos distintos que puede usarse para reducir el tamaño de las vistas de lote.,HyperLogLog
¿Cuál es el objetivo principal al trazar límites (boundaries) en la arquitectura de software?,"Separar los elementos de software y restringir el conocimiento entre ellos, permitiendo aplazar decisiones y proteger la lógica de negocio principal."
¿Cuál es la consecuencia clave de la inmutabilidad de los datos en un sistema de Big Data?,"Cada pieza de dato es verdadera a perpetuidad; una vez que un dato es verdadero, siempre lo será."
"¿Qué es la ""denormalización de identificador de usuario"" en un sistema de análisis web?",Es el proceso de consolidar múltiples identificadores de usuario que pertenecen a la misma persona en un único identificador canónico.
"El patrón _____ es un límite arquitectónico simple que sacrifica la inversión de dependencias, donde una clase expone todos los servicios como métodos.",Facade
"En el contexto del modelo basado en hechos (fact-based model), ¿qué son las 'propiedades'?","Son información sobre las entidades, como la edad, el género o la ubicación de un usuario."
"El paradigma de programación funcional se basa en la noción de _____, lo que significa que el valor de los símbolos no cambia.",inmutabilidad
"En un sistema de archivos distribuido como HDFS, ¿cómo se logra la tolerancia a fallos?","Los bloques de archivos se replican en múltiples nodos, por lo que los datos siguen estando disponibles incluso si una máquina falla."
"La programación estructurada demostró que todos los programas pueden construirse a partir de solo tres estructuras: secuencia, selección y _____.",iteración
"En la Arquitectura Lambda, ¿por qué es esencial tener un flujo de trabajo de recálculo puro, incluso si se utilizan optimizaciones incrementales?",Porque es necesario para reconstruir las vistas desde cero en caso de que se corrompan o si la lógica de cálculo cambia.
La métrica de estabilidad de componentes 'Fan-in' mide el número de dependencias _____.,entrantes (clases externas que dependen de clases internas)
¿Qué problema puede causar el uso de entidades de dominio directamente como modelos de entrada o salida en un caso de uso?,"Puede crear un acoplamiento no deseado entre la lógica de dominio y los adaptadores externos, violando la separación de conceptos."
La métrica de estabilidad de componentes 'Fan-out' mide el número de dependencias _____.,salientes (clases internas que dependen de clases externas)
¿Qué es la estrategia de mapeo 'completa' (full mapping) entre capas?,"Utiliza modelos de entrada y salida separados para cada caso de uso, proporcionando el máximo desacoplamiento entre las capas."
El Principio de Dependencias Estables (SDP) establece que se debe depender en la dirección de la _____.,estabilidad
¿Por qué es crucial que los datos que cruzan los límites de la Arquitectura Limpia sean estructuras de datos simples y aisladas?,"Para evitar violar la Regla de Dependencia, ya que pasar estructuras complejas (como un 'row structure' de una base de datos) forzaría a un círculo interno a conocer algo de un círculo externo."
"Un ciclo en el grafo de dependencias de componentes puede fusionar efectivamente varios componentes en uno solo, causando el síndrome de 'la mañana siguiente' donde los desarrolladores _____.",se pisan unos a otros (stepping on each other's toes)
El Principio de Abstracciones Estables (SAP) establece que un componente debe ser tan abstracto como _____.,estable
"En el contexto del firmware, la abstracción de hardware (HAL) sirve como una capa que aísla el software de los detalles específicos del _____, mejorando la portabilidad.",hardware
"Al diseñar un sistema, la arquitectura que se elige a menudo está fuertemente influenciada por la estructura _____ de la organización que lo desarrolla, un concepto relacionado con la Ley de Conway.",social
¿Cuál es uno de los principales riesgos de basar la arquitectura de una aplicación en un framework?,"El framework a menudo viola la Regla de Dependencia y se acopla fuertemente al núcleo del negocio, dificultando su posterior eliminación o cambio."
"La dificultad para realizar un cambio en el software debe ser proporcional al _____ del cambio, no a su forma.",alcance (scope)
¿Qué es la falacia del desacoplamiento en las arquitecturas de microservicios?,"Es la creencia errónea de que los servicios están fuertemente desacoplados, cuando en realidad a menudo están acoplados por datos o comportamiento."
"En JCascalog, un _____ es una función de Java que genera dinámicamente una subconsulta, permitiendo la composición y reutilización de lógica.",macro de predicado (predicate macro)
¿Cuál es la diferencia entre la validación de entrada y la validación de reglas de negocio en un caso de uso?,"La validación de entrada verifica la sintaxis y el formato, mientras que la validación de reglas de negocio se ocupa de la lógica de dominio y el estado del modelo."
El término 'gran bola de lodo' (big ball of mud) se usa para describir un sistema de software que carece de una _____ perceptible.,arquitectura
"En el contexto de la capa de velocidad (speed layer), ¿por qué las operaciones idempotentes, como agregar a un conjunto HyperLogLog, son importantes para la tolerancia a fallos?","Porque si una operación falla y se reintenta, ejecutarla varias veces tiene el mismo efecto que ejecutarla una sola vez, manteniendo la precisión del sistema."