¿Cuál es la diferencia fundamental entre monitorización y observabilidad?,"La monitorización es reactiva y busca problemas conocidos en un sistema, mientras que la observabilidad es proactiva y permite hacer preguntas arbitrarias sobre el comportamiento del sistema para descubrir problemas desconocidos."
"Los tres pilares de la observabilidad son las métricas, los logs y _____.",las trazas (traces).
¿Qué tipo de pregunta responde principalmente el pilar de 'métricas' en la observabilidad?,"Responde a la pregunta de 'qué' está mal, indicando síntomas a través de datos numéricos agregados a lo largo del tiempo."
¿Qué tipo de pregunta responde principalmente el pilar de 'logs' en la observabilidad?,"Responde a la pregunta de 'por qué' ocurrió un evento, proporcionando un registro detallado y con marca de tiempo de eventos discretos."
¿Qué tipo de pregunta responde principalmente el pilar de 'trazas' (traces) en la observabilidad?,"Responde a la pregunta de 'dónde' ocurrió un problema, mostrando el flujo de una solicitud a través de múltiples servicios en un sistema distribuido."
Término: Perfilado Continuo (Continuous Profiling),"Es una técnica de observabilidad que recopila continuamente datos a nivel de código sobre el consumo de recursos (CPU, memoria) para identificar cuellos de botella en el rendimiento de la aplicación."
¿Qué es un SLI (Service Level Indicator)?,"Es una medida cuantitativa de algún aspecto del nivel de servicio proporcionado, como la latencia de solicitud o la tasa de errores."
¿Qué es un SLO (Service Level Objective)?,"Es un objetivo para el valor de un SLI a lo largo del tiempo, que define el umbral de fiabilidad deseado para un servicio."
¿Qué es un SLA (Service Level Agreement)?,Es un contrato con los usuarios que incluye consecuencias explícitas (generalmente financieras) si no se cumplen los SLOs.
El presupuesto de error (error budget) se deriva directamente del _____.,SLO (Service Level Objective).
"Las cuatro 'Señales Doradas' (Golden Signals) de la monitorización de SRE de Google son Latencia, Tráfico, Errores y _____.",Saturación.
"En el contexto de las 'Señales Doradas', ¿a qué se refiere la 'Latencia'?",Al tiempo que tarda un servicio en responder a una solicitud.
"En el contexto de las 'Señales Doradas', ¿a qué se refiere el 'Tráfico'?","A la cantidad de demanda que se ejerce sobre el sistema, medida comúnmente en solicitudes por segundo."
"En el contexto de las 'Señales Doradas', ¿a qué se refiere la 'Saturación'?","Mide cuán 'lleno' está un servicio, indicando la utilización de sus recursos más limitados (CPU, memoria, etc.)."
"El método de monitorización RED, utilizado para servicios, se compone de Tasa (Rate), Errores (Errors) y _____.",Duración (Duration).
Término: Alta Cardinalidad,"Se refiere a la propiedad de los datos donde una columna o atributo (como un ID de usuario o un ID de solicitud) tiene un gran número de valores únicos, lo que puede aumentar los costos de almacenamiento y la latencia de las consultas."
¿Cuál es uno de los principales impulsores del aumento de la cardinalidad en las arquitecturas nativas de la nube?,"El uso de microservicios y contenedores, donde cada instancia efímera (pod, contenedor) genera series temporales únicas."
"En el trazado distribuido, ¿qué es un 'span'?","Un 'span' representa una única operación o unidad de trabajo dentro de una traza, con un nombre, una hora de inicio y una de finalización."
"En el trazado distribuido, ¿qué es una 'traza' (trace)?","Una 'traza' es la visualización del recorrido completo de una solicitud a medida que pasa a través de los diferentes servicios de un sistema distribuido, compuesta por uno o más spans."
Término: Propagación de contexto (Context Propagation),Es el mecanismo por el cual los identificadores de traza y span se pasan de un servicio a otro (generalmente a través de encabezados HTTP) para mantener la continuidad de una traza distribuida.
¿Cuál es la principal diferencia entre el muestreo basado en la cabecera (head-based) y el muestreo basado en la cola (tail-based)?,"El muestreo 'head-based' toma la decisión de muestrear al inicio de la traza, mientras que el 'tail-based' espera a que la traza se complete para tomar una decisión más informada."
¿Cuál es una ventaja clave del muestreo basado en la cola (tail-based)?,"Permite capturar de manera fiable trazas 'interesantes', como aquellas con errores o alta latencia, ya que la decisión se toma con la información completa de la traza."
¿Cuál es un desafío principal del muestreo basado en la cola (tail-based)?,"Requiere infraestructura adicional para almacenar temporalmente todos los spans de una traza antes de tomar la decisión de muestreo, lo que aumenta la complejidad y el costo."
¿Qué es OpenTelemetry (OTel)?,"Es un estándar y un conjunto de herramientas de código abierto para la instrumentación, generación, recolección y exportación de datos de telemetría (métricas, logs y trazas)."
OpenTelemetry proporciona un backend de observabilidad completo. ¿Verdadero o Falso y por qué?,"Falso. OpenTelemetry es un estándar y una especificación para la recolección de datos, pero no proporciona un backend para almacenar o visualizar esos datos; debe integrarse con uno."
"El pipeline de un Colector de OpenTelemetry se compone de tres tipos de componentes: receptores (receivers), procesadores (processors) y _____.",exportadores (exporters).
¿Cuál es la función de un 'receptor' (receiver) en el Colector de OpenTelemetry?,"Es el punto de entrada de los datos de telemetría al colector, escuchando datos en formatos como OTLP, Jaeger o Prometheus."
¿Cuál es la función de un 'procesador' (processor) en el Colector de OpenTelemetry?,"Modifica los datos de telemetría antes de la exportación, realizando tareas como el procesamiento por lotes (batching), filtrado, muestreo o adición de atributos."
¿Cuál es la función de un 'exportador' (exporter) en el Colector de OpenTelemetry?,"Envía los datos de telemetría a uno o más backends o destinos, como Grafana Tempo, Datadog o un endpoint OTLP genérico."
"En un despliegue a gran escala con OpenTelemetry, ¿cuál es el propósito del patrón 'agente-gateway'?","El 'agente' (un colector ligero local) recopila telemetría de la aplicación, y el 'gateway' (un colector centralizado) se encarga del procesamiento pesado como el muestreo de cola y el enrutamiento a múltiples backends."
Término: eBPF (extended Berkeley Packet Filter),"Es una tecnología del kernel de Linux que permite ejecutar programas en un entorno aislado dentro del kernel, utilizada para redes, seguridad y observabilidad de bajo overhead sin modificar el código de la aplicación."
¿Qué componente del stack de Grafana se utiliza principalmente para la ingesta y consulta de logs?,Grafana Loki.
¿Qué componente del stack de Grafana se utiliza principalmente para el almacenamiento y consulta de trazas distribuidas?,Grafana Tempo.
¿Qué componente del stack de Grafana se utiliza como backend de métricas escalable y compatible con Prometheus?,Grafana Mimir.
¿Qué componente del stack de Grafana se utiliza para el perfilado continuo?,Grafana Pyroscope.
¿Cuál es la principal estrategia de Grafana Tempo para reducir los costos de almacenamiento de trazas?,Evita la indexación pesada de spans y depende de la correlación con logs y métricas (a través de Trace IDs) para encontrar trazas.
El lenguaje de consulta utilizado por Grafana Loki para buscar en los logs se llama _____.,LogQL.
¿Qué es Grafana Alloy?,"Es una distribución del Colector de OpenTelemetry mantenida por Grafana, diseñada para ser un agente de telemetría flexible."
Prometheus utiliza un modelo de recolección de métricas basado en _____ (pull) en lugar de _____ (push).,"extracción (pull), empuje (push)."
El lenguaje de consulta utilizado por Prometheus para consultar métricas de series temporales se llama _____.,PromQL (Prometheus Query Language).
¿Por qué Prometheus por sí solo no se considera una solución completa de observabilidad?,Porque se enfoca exclusivamente en métricas y requiere sistemas separados para logs (como Loki) y trazas (como Jaeger o Tempo).
"En Kubernetes, la herramienta _____ se utiliza para generar métricas sobre el estado de varios objetos como deployments, pods y servicios.",kube-state-metrics.
"Según un informe de New Relic, ¿cuál fue el principal desafío citado por las organizaciones de servicios financieros para lograr la observabilidad de pila completa?",Demasiadas herramientas de monitorización y datos aislados (siloed data).
Término: Tasa de consumo (Burn Rate),Es una métrica utilizada en las alertas de SLO que mide la velocidad a la que se consume el presupuesto de error en relación con el período del SLO.
¿Por qué alertar sobre la tasa de consumo (burn rate) es a menudo más efectivo que alertar sobre un umbral de error simple?,"Porque puede detectar problemas significativos más rápidamente y con mayor precisión, incluso si son breves, al contextualizar el gasto del presupuesto de error en un período de tiempo."
Término: Métricas P99 (percentil 99),"Representa el valor de latencia por debajo del cual se encuentra el 99% de las solicitudes, destacando la experiencia del peor caso para la mayoría de los usuarios y exponiendo los valores atípicos de la cola larga."
¿Qué problema común en los entornos de ejecución con recolección de basura (como Java) puede causar picos en la latencia P99?,"Las pausas periódicas del recolector de basura (garbage collection), que detienen la ejecución normal de la aplicación para liberar memoria."
Término: Observability-Driven Development (ODD),"Es un enfoque de desarrollo de software que integra la instrumentación y la observabilidad en las primeras etapas del ciclo de vida, utilizando pruebas basadas en trazas."
¿Cómo se relaciona ODD con TDD (Test-Driven Development)?,"Mientras que TDD se centra en la corrección funcional (el código hace lo que se supone que debe hacer), ODD se enfoca en el comportamiento observable (se puede verificar cómo lo hace en producción)."
Técnica: Filtrado de Atributos (Attribute Filtering),"Una técnica de control de costos en el Colector de OpenTelemetry que elimina atributos innecesarios de logs, métricas y spans para reducir el tamaño de la carga útil (payload)."
¿Cómo se puede utilizar el Colector de OpenTelemetry para evitar que datos sensibles (PII) lleguen a los backends de observabilidad?,"Usando el procesador de atributos (`attributes processor`) para eliminar, enmascarar o aplicar un hash a los campos que contienen datos sensibles antes de exportarlos."
¿Qué es ClickHouse en el contexto de la observabilidad?,"Es una base de datos columnar de código abierto optimizada para cargas de trabajo analíticas, que maneja eficientemente datos de alta cardinalidad y alta granularidad, a diferencia de las bases de datos de series temporales tradicionales."
"El lenguaje de consulta propio de New Relic, similar a SQL, se llama _____.",NRQL (New Relic Query Language).
"Datadog ahora admite la ingesta de datos de OpenTelemetry, aunque algunas de sus características avanzadas funcionan mejor con su _____.",agente nativo (Datadog Agent).
"En el modelo de costo de ClickHouse, ¿cuál es la principal ventaja de usar una base de datos unificada sobre un stack federado (como Loki, Mimir, Tempo)?","Reduce la duplicación de datos y metadatos, utiliza un único almacén con alta compresión y permite consultas con un solo lenguaje (SQL), simplificando la operación."
"En el contexto del trazado distribuido, ¿qué es la instrumentación automática?","Es el proceso de capturar telemetría de frameworks y librerías comunes sin necesidad de modificar el código de la aplicación, generalmente a través de agentes o librerías que se adjuntan en tiempo de ejecución."
Una estrategia para manejar servicios de bajo tráfico en las alertas de SLO es generar _____ para compensar la falta de señal de los usuarios reales.,tráfico artificial (synthetic traffic).
Término: AIOps,"Se refiere a la aplicación de la inteligencia artificial y el aprendizaje automático a las operaciones de TI, utilizada en observabilidad para la detección de anomalías, reducción de ruido de alertas y análisis automatizado de la causa raíz."
¿Qué es la correlación de señales en observabilidad?,"Es el proceso de vincular diferentes tipos de telemetría (métricas, logs, trazas) para un incidente específico, permitiendo navegar desde un pico de métrica a los logs y trazas relevantes."
"Para asegurar la correlación, los registros de logs deben enriquecerse con el _____ y el _____ de la traza activa.","TraceId, SpanId."
Término: Políticas de retención de datos,"Son reglas que definen cuánto tiempo se almacenan los datos de telemetría, a menudo en diferentes niveles de almacenamiento (caliente, tibio, frío) para equilibrar el costo y la accesibilidad."
"Un procesador del Colector OTel que agrupa múltiples spans, métricas o logs en una sola solicitud para mejorar la eficiencia se llama procesador de _____.",lotes (batch processor).
¿Cuál es la principal ventaja de utilizar OpenTelemetry en lugar de agentes propietarios de un proveedor?,"Evita el 'vendor lock-in' (dependencia del proveedor), permitiendo cambiar de backend de observabilidad sin tener que reinstrumentar las aplicaciones."
"La métrica `p50` es otro nombre para la _____, que representa el punto medio de un conjunto de datos.",mediana.
"Si la latencia p50 de un servicio es de 20 ms y la p99 es de 800 ms, ¿qué indica esta gran diferencia?","Indica que la mayoría de las solicitudes son rápidas, pero hay un pequeño porcentaje de solicitudes extremadamente lentas (una 'cola larga'), lo que sugiere problemas de rendimiento en casos específicos."
¿Cuál es el propósito del componente `query-frontend` en arquitecturas escalables como la de Grafana Mimir?,"Divide las consultas grandes en partes más pequeñas, gestiona una cola de consultas y almacena en caché los resultados para reducir la carga en los backends."
"En el contexto de Loki, los logs se agrupan en 'chunks' comprimidos que se almacenan en un _____.",almacenamiento de objetos (object storage).
"En el contexto de OpenTelemetry, ¿qué es la instrumentación manual?","Es el acto de agregar código explícitamente a una aplicación para crear spans, registrar eventos o emitir métricas, proporcionando un control detallado sobre la telemetría."
Los 'span events' en OpenTelemetry se utilizan para registrar _____.,"ocurrencias con marca de tiempo dentro de un span, proporcionando contexto adicional sobre el trabajo realizado."
Datadog ofrece una característica llamada 'muestreo adaptativo' (adaptive sampling) que ajusta dinámicamente las tasas de muestreo para capturar trazas relevantes mientras se mantiene dentro de un _____.,presupuesto de ingesta mensual.
"En el stack federado de OSS, Loki, Mimir y Tempo escalan de forma independiente, lo que sigue el principio de _____.",divide y vencerás (divide and conquer).
Una de las estrategias técnicas para reducir los costos de observabilidad es eliminar o truncar los _____ en los logs de producción.,stack traces (trazas de pila).
El tipo de span 'CONSUMER' en OpenTelemetry se utiliza para representar operaciones asíncronas de _____.,"recepción y procesamiento de mensajes (por ejemplo, desde una cola como Kafka o RabbitMQ)."
"En Grafana, las _____ se utilizan para crear dashboards dinámicos que pueden filtrar datos entre diferentes entornos, clústeres o servicios.",variables de plantilla (template variables).
Término: Muestreo probabilístico (Probabilistic Sampling),Una estrategia de muestreo de cabecera (head-based) que decide aleatoriamente si se captura una traza basándose en un porcentaje predefinido.
"Un desafío para lograr la observabilidad en Kubernetes es la naturaleza _____ de los pods y contenedores, lo que significa que su estado desaparece rápidamente si no se captura.",efímera.
"En Datadog, las 'métricas de trazas' se calculan a partir del 100% del tráfico, a diferencia de los datos de trazas que pueden ser muestreados. ¿Por qué es esto importante?","Porque permite crear alertas y SLOs precisos y fiables basados en tasas de solicitud, errores y latencia, sin ser afectados por el muestreo."
Término: Instrumentación sin código (Codeless Instrumentation),"Se refiere a la capacidad de recopilar telemetría de aplicaciones sin modificar su código fuente, a menudo utilizando tecnologías como eBPF."
El exporter `loadbalancing` del Colector de OpenTelemetry se utiliza para distribuir la carga de telemetría entre múltiples instancias de _____.,"colectores de backend o de siguiente nivel (por ejemplo, un pool de colectores de muestreo de cola)."
"Cuando una traza distribuida cruza los límites de la aplicación (por ejemplo, del frontend web al backend), se está realizando un trazado _____.",de extremo a extremo (end-to-end).
¿Qué es un 'pipeline de telemetría'?,"Es un sistema, a menudo implementado con herramientas como el Colector de OpenTelemetry, que procesa y enruta datos de telemetría desde las fuentes hasta los destinos, permitiendo el control centralizado de los datos."
¿Qué es una métrica de tipo 'histograma'?,"Es una métrica que rastrea la distribución de un conjunto de mediciones, agrupándolas en cubos (buckets) configurables, útil para calcular percentiles como p95 o p99."
Un modelo de precios común en las plataformas de observabilidad que puede llevar a costos inesperados es el precio por _____.,GB de ingesta.
La integración de Grafana k6 (pruebas de carga) con Grafana Pyroscope (perfilado) permite a los desarrolladores identificar cuellos de botella de rendimiento de código bajo _____.,tráfico simulado.
"En OTel, el procesador `spanmetrics` se utiliza para generar métricas (como latencia y recuentos) directamente a partir de los datos de _____.",trazas (spans).
El 'Control Plane' de Chronosphere es una característica que permite analizar y transformar los datos de telemetría _____ de que se almacenen y facturen.,antes.
¿Qué es la 'fatiga de alertas' (alert fatigue) y cómo ayuda AIOps a reducirla?,Es la desensibilización a las alertas debido a un alto volumen de notificaciones. AIOps ayuda agrupando alertas relacionadas en un solo incidente y reduciendo el ruido.
"En el contexto de la observabilidad, ¿qué significa 'correlación de la causa raíz'?","Es el proceso de identificar el evento o cambio subyacente que desencadenó una serie de fallos o degradaciones del rendimiento, a menudo analizando señales correlacionadas en el tiempo."
La herramienta _____ es un backend de trazado distribuido de código abierto que a menudo se usa junto con Prometheus y Grafana.,Jaeger.
La técnica de muestreo de trazas `TraceState` permite tomar decisiones de muestreo basadas en _____.,un estado personalizado propagado a través de los servicios dentro de la traza.
¿Cuál es el propósito del componente `compactor` en sistemas como Grafana Tempo?,"Optimiza los bloques de datos en el almacenamiento de objetos, combina bloques pequeños en otros más grandes y aplica las políticas de retención para eliminar datos antiguos."
El uso de la métrica `otelcol_exporter_queue_size` es importante para monitorizar el Colector de OpenTelemetry porque un tamaño de cola en constante crecimiento indica que _____.,"el backend no puede procesar los datos a la velocidad a la que se envían, lo que puede llevar a la pérdida de datos."
Término: Logging estructurado,"Es la práctica de escribir logs en un formato consistente y predecible (como JSON), lo que facilita su análisis y consulta por máquinas."
"En el contexto de TDD, el ciclo se conoce como 'Rojo-Verde-Refactorizar'. ¿Qué sucede en la fase 'Roja'?",Se escribe una prueba automatizada que falla porque la funcionalidad correspondiente aún no se ha implementado.
"En BDD, los escenarios a menudo se escriben en un lenguaje estructurado de lenguaje natural llamado Gherkin, usando las palabras clave _____, _____ y _____.","Dado (Given), Cuando (When), Entonces (Then)."
"En la evaluación de Autoscope, se utilizó una variante del Z-score basada en la mediana y la _____ para una detección de anomalías más robusta en duraciones de spans.",desviación absoluta mediana (MAD - Median Absolute Deviation).
¿Por qué es importante evitar métricas con etiquetas de alta cardinalidad como 'user_id' o 'request_id'?,"Porque cada combinación única de etiquetas crea una nueva serie temporal, lo que provoca un crecimiento exponencial del almacenamiento y una ralentización de las consultas."
¿Qué es un 'pipeline de logs'?,"Es un proceso que ingiere, procesa (parsea, enriquece, filtra) y enruta los datos de logs desde su origen hasta su destino final de almacenamiento o análisis."
El lenguaje de consulta NRQL de New Relic es un ejemplo de un lenguaje de consulta _____ para datos de observabilidad.,similar a SQL.
¿Qué es la 'rehidratación' de datos en el contexto de las plataformas SaaS de observabilidad?,"Es el proceso, a menudo costoso, de mover datos desde un almacenamiento frío/archivado a un almacenamiento caliente para poder consultarlos, incurriendo en tarifas adicionales."
La tecnología _____ permite a herramientas como Grafana Beyla generar métricas y trazas sin instrumentación de código al observar llamadas del sistema a nivel del kernel.,eBPF.
"¿Cuál es una de las principales desventajas del stack ELK (Elasticsearch, Logstash, Kibana) para la gestión de logs?","Requiere una alta experiencia técnica para su gestión, escalado y mantenimiento, y puede consumir muchos recursos."
"En una política de presupuesto de errores, si un servicio consume su presupuesto mensual rápidamente, ¿qué acción podría desencadenarse?",Se podría congelar el lanzamiento de nuevas funcionalidades hasta que se restablezca la fiabilidad del servicio.
¿Cuál es el propósito del componente `distributor` en arquitecturas como las de Loki y Tempo?,"Recibe los datos entrantes (logs o spans), los valida y los reenvía a los `ingesters` para su procesamiento y almacenamiento."
"En el procesador de muestreo de cola de OTel, el parámetro `decision_wait` controla _____.",el tiempo que el colector espera desde que recibe el primer span de una traza antes de tomar una decisión de muestreo.
"Una de las políticas de muestreo de cola permite muestrear trazas basándose en la presencia de un código de estado específico, como los errores de la serie 5xx. Esta política se llama _____.",status_code.
El formato estándar para la propagación de contexto de trazas definido por el W3C se llama _____.,W3C Trace Context (y utiliza encabezados como `traceparent`).
Término: Observabilidad del frontend (o RUM - Real User Monitoring),"Es la práctica de capturar telemetría (interacciones, tiempos de carga, errores de JavaScript) directamente desde el navegador del usuario final para entender su experiencia real."
Herramientas como _____ se utilizan para la observabilidad del frontend y se integran en el ecosistema de Grafana.,Grafana Faro.
"En el contexto de la seguridad, ¿cómo puede ayudar la observabilidad?","Puede ayudar a detectar actividades inusuales, proporcionar pistas para la investigación de incidentes y ofrecer registros de auditoría para el cumplimiento normativo."
¿Qué significa que una plataforma de observabilidad es 'nativa de OpenTelemetry'?,"Significa que está diseñada desde su núcleo para utilizar el estándar OpenTelemetry para la ingesta y el procesamiento de datos, en lugar de simplemente tener un conector o adaptador."
Término: Muestreo de nivel de span (Span-level sampling),"Una técnica avanzada de muestreo donde se toman decisiones de retención para spans individuales dentro de una traza, en lugar de para la traza completa, permitiendo una reducción de datos más granular."
¿Cuál es el riesgo de un muestreo demasiado agresivo?,Se corre el riesgo de perder trazas o datos cruciales para diagnosticar problemas intermitentes o poco frecuentes.
"En los sistemas distribuidos, un _____ se utiliza para asegurar que las solicitudes se distribuyan de manera uniforme entre múltiples instancias de un servicio o colector.",balanceador de carga (load balancer).
¿Por qué es importante la 'instrumentación estandarizada' para la observabilidad?,"Asegura que los datos de telemetría se recopilen de manera consistente en todos los servicios, lo que facilita la correlación y el análisis de los datos."
La capacidad de Grafana de crear un enlace desde un punto de datos en un panel de métricas a una consulta de logs pre-poblada en Loki es un ejemplo de _____.,correlación de datos (o navegación contextual).
¿Qué problema resuelve la federación de colectores de OpenTelemetry en un entorno distribuido globalmente?,"Permite la agregación y el procesamiento de telemetría a nivel regional antes de enviarla a un colector central, reduciendo la latencia y el tráfico de red transregional."
La persistencia de logs es un desafío en entornos de contenedores porque los logs dentro de un contenedor se pierden cuando este _____.,es destruido o falla.
"En el contexto de costos de observabilidad, el precio 'por host' o 'por contenedor' penaliza a las arquitecturas que utilizan la _____.",escalabilidad horizontal.
La compresión y el almacenamiento en niveles (tiered storage) son dos estrategias para reducir los costos de _____ de los datos de observabilidad.,retención y almacenamiento.
¿Qué es la observabilidad empresarial (business observability)?,"Es la práctica de integrar datos de negocio (como ingresos, carritos de compra abandonados) con los datos de telemetría para entender el impacto del rendimiento del sistema en los resultados de negocio."
"El procesador `cumulativetodelta` del Colector de OTel se utiliza para convertir métricas acumulativas, como un contador que siempre aumenta, en métricas _____.",delta (que muestran el cambio desde la última medición).
Término: Datos de telemetría,"Es la información generada por un sistema para proporcionar visibilidad sobre su estado interno, incluyendo principalmente métricas, logs, trazas y perfiles."